,,,,,,,,Active,,,,,Down,,,,
Date,Total Sats Launched,Disposal Complete,Total Down,Total In Orbit,Total Working,Gbps/Sat,Total Bandwidth in Orbit,V1,V1.5,V2 Mini,V2 Mini D2C,V2 Mini Opt,V1,V1.5,V2 Mini,V2 Mini D2C,V2 Mini Opt
9/30/2024,"7,062",392,636,"6,426","6,371",,193.45 Tbps,0,0,0,0,0,0,0,0,0,0
10/9/2024,"7,062",398,642,"6,420","6,362",30.4,193 Tbps,0,0,0,0,0,0,0,0,0,0
10/10/2024,"7,062",398,642,"6,420","6,362",30.4,193 Tbps,0,0,0,0,0,0,0,0,0,0
10/11/2024,"7,062.00",398,642,"6,420","6,362",30.4,193 Tbps,0,0,0,0,0,0,0,0,0,0
10/18/2024,7125,405,652,6473,6419,30.7,197 Tbps,0,0,0,0,0,0,0,0,0,0
10/25/2024,7125,405,652,6473,6419,30.7,197 Tbps,0,0,0,0,0,0,0,0,0,0
10/28/2024,7170,406,654,6516,6463,30.9,200 Tbps,1262,2836,2120,245,0,426,140,74,14,0
10/31/2024,7151,356,647,6557,6504,31.1,202 Tbps,1261,2836,2149,258,0,404,151,78,14,0
11/8/2024,7151,356,647,6557,6504,31.1,202 Tbps,1261,2836,2149,258,0,404,151,78,14,0
11/15/2024,7262,365,658,6656,6604,31.6,208 Tbps,1257,2834,2230,283,0,408,153,82,15,0
2024-11-22,7262,365,658,6656,6604,31.6,208 Tbps,1257,2834,2230,283,0,408,153,82,15,0
2024-11-29,7397,368,661,6785,6736,32.1,216 Tbps,1257,2833,2325,321,0,408,154,84,15,0
2024-12-06,7397,368,661,6785,6736,32.1,216 Tbps,1257,2833,2325,321,0,408,154,84,15,0
2024-12-18,7486,372,666,6866,6820,32.5,222 Tbps,1253,2833,2387,347,0,412,154,85,15,0
2024-12-20,7486,372,666,6866,6820,32.5,221.6 Tbps,1253,2833,2387,347,0,412,154,85,15,0
2024-12-27,7486,372,666,6866,6820,32.5,221.6 Tbps,1253,2833,2387,347,0,412,154,85,15,0
2025-01-03,7529,421,672,6854,6857,33.0,226.0 Tbps,1235,2803,2445,374,0,430,184,44,14,0
2025-01-10,7529,421,672,6854,6857,33.0,226.0 Tbps,1235,2803,2445,374,0,430,184,44,14,0
2025-01-17,7529,421,672,6854,6857,33.0,226.0 Tbps,1235,2803,2445,374,0,430,184,44,14,0
2025-01-24,7529,421,672,6854,6857,33.0,226.0 Tbps,1235,2803,2445,374,0,430,184,44,14,0
2025-01-31,7703,521,746,6924,6957,34.0,236.7 Tbps,1156,2783,2592,426,0,509,204,19,14,0
2025-02-07,7703,521,746,6924,6957,34.0,236.7 Tbps,1156,2783,2592,426,0,509,204,19,14,0
2025-02-14,7703,521,746,6924,6957,53.2,370.4 Tbps,1156,2783,2592,426,0,509,204,19,14,0
2025-02-21,7703,521,746,6924,6957,53.2,370.4 Tbps,1156,2783,2592,426,0,509,204,19,14,0
2025-02-27,7703,521,746,6924,6957,53.2,370.4 Tbps,1156,2783,2592,426,0,509,204,19,14,0
2025-02-28,7988,632,925,6995,7063,55.1,389.2 Tbps,1061,2774,2711,517,0,604,213,94,14,0
2025-03-07,7988,632,925,6995,7063,55.1,389.2 Tbps,1061,2774,2711,517,0,604,213,94,14,0
2025-03-14,7988,632,925,6995,7063,55.1,389.2 Tbps,1061,2774,2711,517,0,604,213,94,14,0
2025-03-21,7988,632,925,6995,7063,55.1,389.2 Tbps,1061,2774,2711,517,0,604,213,94,14,0
2025-03-31,8082,689,983,6984,7099,55.9,397.1 Tbps,1018,2762,2763,556,0,647,225,97,14,0
2025-04-04,8082,689,983,6984,7099,55.9,397.1 Tbps,1018,2762,2763,556,0,647,225,97,14,0
2025-04-11,8082,689,983,6984,7099,55.9,397.1 Tbps,1018,2762,2763,556,0,647,225,97,14,0
2025-04-18,8082,689,983,6984,7099,55.9,397.1 Tbps,1018,2762,2763,556,0,647,225,97,14,0
2025-04-25,8082,689,983,6984,7099,55.9,397.1 Tbps,1018,2762,2763,556,0,647,225,97,14,0
2025-04-30,8341,764,1059,6971,7282,57.7,420.1 Tbps,971,2742,2976,593,0,694,245,104,16,0
2025-05-02,8341,764,1059,6971,7282,57.7,420.1 Tbps,971,2742,2976,593,0,694,245,104,16,0
2025-05-09,8341,764,1059,6971,7282,57.7,420.1 Tbps,971,2742,2976,593,0,694,245,104,16,0
2025-05-16,8454,784,1080,7396,7374,58.4,430.4 Tbps,958,2737,3086,593,0,707,250,107,16,0
2025-05-23,8454,784,1080,7396,7374,58.4,430.4 Tbps,958,2737,3086,593,0,707,250,107,16,0
2025-05-31,8739,809,1112,7550,7627,59.9,456.6 Tbps,944,2726,3338,619,0,721,261,114,16,0
2025-06-06,8739,809,1112,7550,7627,59.9,456.6 Tbps,944,2726,3338,619,0,721,261,114,16,0
2025-06-13,8739,809,1112,7550,7627,59.9,456.6 Tbps,944,2726,3338,619,0,721,261,114,16,0
2025-06-20,8739,809,1112,7550,7627,59.9,456.6 Tbps,944,2726,3338,619,0,721,261,114,16,0
2025-06-27,8995,838,1140,7695,7855,61.1,480.2 Tbps,928,2721,3550,656,0,737,266,119,18,0
2025-06-30,9048,845,1147,7715,7901,61.4,485.1 Tbps,924,2719,3602,656,0,741,268,120,18,0
2025-07-04,9048,845,1147,7715,7901,61.4,485.1 Tbps,924,2719,3602,656,0,741,268,120,18,0
2025-07-11,9048,845,1147,7715,7901,61.4,485.1 Tbps,924,2719,3602,656,0,741,268,120,18,0
2025-07-18,9048,845,1147,7715,7901,61.4,485.1 Tbps,924,2719,3602,656,0,741,268,120,18,0
2025-07-25,9048,845,1147,7715,7901,61.4,485.1 Tbps,924,2719,3602,656,0,741,268,120,18,0
2025-07-31,"9,252.00",875,"1,177","7,814","8,075",62.4,503.988 Tbps,905,2711,3803,656,0,760,276,123,18,0
2025-08-08,"9,252.00",875,"1,177","7,814","8,075",62.4,503.988 Tbps,905,2711,3803,656,0,760,276,123,18,0
2025-08-15,"9,252.00",875,"1,177","7,814","8,075",62.4,503.988 Tbps,905,2711,3803,656,0,760,276,123,18,0
2025-08-22,"9,252.00",875,"1,177","7,814","8,075",62.4,503.988 Tbps,905,2711,3803,656,0,760,276,123,18,0
2025-08-29,"9,252.00",875,"1,177","7,814","8,075",62.4,503.988 Tbps,905,2711,3803,656,0,760,276,123,18,0
2025-09-05,"9,252.00",875,"1,177","7,814","8,075",62.4,503.988 Tbps,905,2711,3803,656,0,760,276,123,18,0
2025-09-12,"9,252.00",875,"1,177","7,814","8,075",62.4,503.988 Tbps,905,2711,3803,656,0,760,276,123,18,0
2025-09-19,"9,252.00",875,"1,177","7,814","8,075",62.4,503.988 Tbps,905,2711,3803,656,0,760,276,123,18,0
2025-09-26,"9,252.00",875,"1,177","7,814","8,075",62.4,503.988 Tbps,905,2711,3803,656,0,760,276,123,18,0
2025-09-30,"9,776.00",940,"1,249","8,047","8,527",57.4,489.144 Tbps,866,2692,4314,655,0,799,295,136,19,0
2025-10-03,"9,776.00",940,"1,249","8,047","8,527",57.4,489.144 Tbps,866,2692,4314,655,0,799,295,136,19,0
2025-10-10,"9,776.00",940,"1,249","8,047","8,527",57.4,489.144 Tbps,866,2692,4314,655,0,799,295,136,19,0
2025-10-17,"9,776.00",940,"1,249","8,047","8,527",57.4,489.144 Tbps,866,2692,4314,655,0,799,295,136,19,0
2025-10-24,"9,776.00",940,"1,249","8,047","8,527",57.4,489.144 Tbps,866,2692,4314,655,0,799,295,136,19,0
2025-10-31,"9,776.00",940,"1,249","8,047","8,527",57.4,489.144 Tbps,866,2692,4314,655,0,799,295,136,19,0
2025-11-07,"9,776.00",940,"1,249","8,047","8,527",57.4,489.144 Tbps,866,2692,4314,655,0,799,295,136,19,0
2025-11-14,"9,776.00",940,"1,249","8,047","8,527",57.4,489.144 Tbps,866,2692,4314,655,0,799,295,136,19,0
2025-11-21,"9,776.00",940,"1,249","8,047","8,527",57.4,489.144 Tbps,866,2692,4314,655,0,799,295,136,19,0
2025-11-28,"9,776.00",940,"1,249","8,047","8,527",57.4,489.144 Tbps,866,2692,4314,655,0,799,295,136,19,0
2025-12-05,"9,776.00",940,"1,249","8,047","8,527",57.4,489.144 Tbps,866,2692,4314,655,0,799,295,136,19,0
2025-12-12,"9,776.00",940,"1,249","8,047","8,527",57.4,489.144 Tbps,866,2692,4314,655,0,799,295,136,19,0
2025-12-19,"9,776.00",940,"1,249","8,047","8,527",57.4,489.144 Tbps,866,2692,4314,655,0,799,295,136,19,0
2025-12-26,"9,776.00",940,"1,249","8,047","8,527",57.4,489.144 Tbps,866,2692,4314,655,0,799,295,136,19,0
2026-01-02,"9,776.00",940,"1,249","8,047","8,527",57.4,489.144 Tbps,866,2692,4314,655,0,799,295,136,19,0
2026-01-09,"9,776.00",940,"1,249","8,047","8,527",57.4,489.144 Tbps,866,2692,4314,655,0,799,295,136,19,0
2026-01-16,"9,776.00",940,"1,249","8,047","8,527",57.4,489.144 Tbps,866,2692,4314,655,0,799,295,136,19,0
2026-01-23,"9,776.00",940,"1,249","8,047","8,527",57.4,489.144 Tbps,866,2692,4314,655,0,799,295,136,19,0
2026-01-30,"10,988.00","1,067","1,385","8,916","9,603",62.6,600.924 Tbps,801,2658,5495,649,0,864,329,167,25,0
2026-02-06,10988,1067,1385,8916,9603,62.57669478,600924,801,2658,5495,649,0,864,329,167,25,0
2026-02-13,"10,988.00","1,067","1,385","8,916","9,603",62.6,600.924 Tbps,801,2658,5495,649,0,864,329,167,25,0
2026-02-20,"10,988.00","1,067","1,385","8,916","9,603",62.6,600.924 Tbps,801,2658,5495,649,0,864,329,167,25,0
2026-02-27,"10,988.00","1,067","1,385","8,916","9,603",62.6,600.924 Tbps,801,2658,5495,649,0,864,329,167,25,0
2026-03-06,"10,988.00","1,067","1,385","8,916","9,603",62.6,600.924 Tbps,801,2658,5495,649,0,864,329,167,25,0
2026-03-13,"10,988.00","1,067","1,385","8,916","9,603",62.6,600.924 Tbps,801,2658,5495,649,0,864,329,167,25,0
2026-03-20,"10,988.00","1,067","1,385","8,916","9,603",62.6,600.924 Tbps,801,2658,5495,649,0,864,329,167,25,0
2026-03-24,"11,641.00","1,198","1,515","10,126","10,116",64.7,654.852 Tbps,771,2632,2590,646,3477,890,352,175,28,8
2026-03-25,"11,641.00","1,198","1,515","10,126","10,116",64.7,654.852 Tbps,771,2632,2590,646,3477,890,352,175,28,8
2026-03-27,"11,666.00","1,209","1,527","10,139","10,130",64.9,657.060 Tbps,765,2627,2590,646,3502,897,357,175,28,8
2026-04-23,11877,1258,1581,10296,10280,65.655642,674.940 Tbps,755,2593,2580,644,3708,968,385,185,30,13
2026-05-25,12032,1294,1619,10413,10397,66.177166,688.044 Tbps,749,2574,2574,644,3856,986,392,191,30,20
2026-07-09,12472,1368,1695,10777,10761,67.694452,728.46 Tbps,739,2515,2572,640,4295,1037,410,193,34,21
